{
  "chart": {
    "title": "Self-reported life satisfaction",
    "subtitle": "Average of survey responses. The survey question asks respondents their current position on a hypothetical [ladder](#dod:cantril-ladder), where the best possible life for them is a 10, and the worst possible life is a 0.",
    "citation": "Wellbeing Research Centre (2025)",
    "originalChartUrl": "https://ourworldindata.org/grapher/happiness-cantril-ladder?v=1&csvType=full&useColumnShortNames=false",
    "selection": [
      "World",
      "Europe",
      "Asia",
      "Africa",
      "South America",
      "North America",
      "Oceania"
    ]
  },
  "columns": {
    "Cantril ladder score": {
      "titleShort": "Self-reported life satisfaction",
      "titleLong": "Self-reported life satisfaction",
      "descriptionShort": "Average of survey responses. The survey question asks respondents their current position on a hypothetical [ladder](#dod:cantril-ladder), where the best possible life for them is a 10, and the worst possible life is a 0.",
      "descriptionKey": [
        "The Cantril ladder asks respondents to think of a ladder, with the best possible life for them being a 10 and the worst possible life being a 0. They are then asked to rate their own current lives on that 0 to 10 scale.",
        "The rankings are three-year averages, calculated by the World Happiness report based on nationally representative samples collected by the Gallup World Poll. The data for the 2025 report draws from survey data from 2022-2024.",
        "We show the data for final year of the three-year survey period, i.e. we show the 2022-2024 survey data for the year 2024.",
        "The number of people and countries surveyed varies year to year, but typically more than 100,000 people in 130 countries participate in the Gallup World Poll each year.",
        "The rankings are based entirely on the survey scores, which are weighted by Gallup to make the estimates representative."
      ],
      "descriptionProcessing": "We calculated the average of regions by taking a population-weighted average over all countries within that region.",
      "shortUnit": "",
      "unit": "",
      "timespan": "2011-2024",
      "type": "Numeric",
      "owidVariableId": 1025227,
      "shortName": "cantril_ladder_score",
      "lastUpdated": "2025-03-28",
      "nextUpdate": "2026-03-28",
      "citationShort": "Wellbeing Research Centre (2025) – with major processing by Our World in Data",
      "citationLong": "Wellbeing Research Centre (2025) – with major processing by Our World in Data. “Self-reported life satisfaction” [dataset]. Wellbeing Research Centre, “World Happiness Report 2025” [original data].",
      "fullMetadata": "https://api.ourworldindata.org/v1/indicators/1025227.metadata.json"
    }
  },
  "dateDownloaded": "2026-01-30",
  "activeFilters": {}
}